Title,Code,Demographic Group,Period,Population,Estimate,Lower CI,Upper CI,SE,Parent Population,Locality,Footnote
Increase the proportion of people with diabetes who get formal diabetes education - D-06,D-06,Total,2017,Total,51.7,49.2,54.2,1.273,,All reporting States,
Increase the proportion of people with diabetes who get formal diabetes education - D-06,D-06,Total,2018,Total,51.6,48.7,54.4,1.46,,All reporting States,
Increase the proportion of people with diabetes who get formal diabetes education - D-06,D-06,Total,2019,Total,55.1,52.6,57.7,1.292,,All reporting States,
Increase the proportion of people with diabetes who get formal diabetes education - D-06,D-06,Sex,2017,Male,50.1,46.3,53.9,1.936,,All reporting States,
Increase the proportion of people with diabetes who get formal diabetes education - D-06,D-06,Sex,2018,Male,51.4,47.4,55.4,2.054,,All reporting States,
Increase the proportion of people with diabetes who get formal diabetes education - D-06,D-06,Sex,2019,Male,54.6,50.7,58.4,1.948,,All reporting States,
Increase the proportion of people with diabetes who get formal diabetes education - D-06,D-06,Sex,2017,Female,53.4,50.1,56.6,1.656,,All reporting States,
Increase the proportion of people with diabetes who get formal diabetes education - D-06,D-06,Sex,2018,Female,51.7,47.6,55.7,2.066,,All reporting States,
Increase the proportion of people with diabetes who get formal diabetes education - D-06,D-06,Sex,2019,Female,55.7,52.3,59,1.717,,All reporting States,
Increase the proportion of people with diabetes who get formal diabetes education - D-06,D-06,Race/Ethnicity,2017,American Indian or Alaska Native only,56.8,48.4,64.9,4.257,,All reporting States,
Increase the proportion of people with diabetes who get formal diabetes education - D-06,D-06,Race/Ethnicity,2018,American Indian or Alaska Native only,60.7,46.1,73.6,7.196,,All reporting States,
Increase the proportion of people with diabetes who get formal diabetes education - D-06,D-06,Race/Ethnicity,2019,American Indian or Alaska Native only,69.3,60.2,77,4.32,,All reporting States,
Increase the proportion of people with diabetes who get formal diabetes education - D-06,D-06,Race/Ethnicity,2017,Asian only,41.9,30.3,54.4,6.259,,All reporting States,
Increase the proportion of people with diabetes who get formal diabetes education - D-06,D-06,Race/Ethnicity,2018,Asian only,46.7,30.9,63.2,8.524,,All reporting States,
Increase the proportion of people with diabetes who get formal diabetes education - D-06,D-06,Race/Ethnicity,2019,Asian only,52.8,34.3,70.6,9.718,,All reporting States,
Increase the proportion of people with diabetes who get formal diabetes education - D-06,D-06,Race/Ethnicity,2017,Native Hawaiian or Other Pacific Islander only,25.1,14.8,39.2,6.273,,All reporting States,
Increase the proportion of people with diabetes who get formal diabetes education - D-06,D-06,Race/Ethnicity,2018,Native Hawaiian or Other Pacific Islander only,DSU,,,,,All reporting States,
Increase the proportion of people with diabetes who get formal diabetes education - D-06,D-06,Race/Ethnicity,2019,Native Hawaiian or Other Pacific Islander only,DSU,,,,,All reporting States,
Increase the proportion of people with diabetes who get formal diabetes education - D-06,D-06,Race/Ethnicity,2017,Black or African American only,51.7,46.8,56.5,2.472,,All reporting States,
Increase the proportion of people with diabetes who get formal diabetes education - D-06,D-06,Race/Ethnicity,2018,Black or African American only,53.8,48,59.5,2.95,,All reporting States,
Increase the proportion of people with diabetes who get formal diabetes education - D-06,D-06,Race/Ethnicity,2019,Black or African American only,53.5,48.1,58.8,2.738,,All reporting States,
Increase the proportion of people with diabetes who get formal diabetes education - D-06,D-06,Race/Ethnicity,2017,White only,53.5,50.2,56.8,1.676,,All reporting States,
Increase the proportion of people with diabetes who get formal diabetes education - D-06,D-06,Race/Ethnicity,2018,White only,52.3,48.9,55.8,1.772,,All reporting States,
Increase the proportion of people with diabetes who get formal diabetes education - D-06,D-06,Race/Ethnicity,2019,White only,56.5,53.6,59.3,1.462,,All reporting States,
Increase the proportion of people with diabetes who get formal diabetes education - D-06,D-06,Race/Ethnicity,2017,2 or more races,61.9,45.1,76.2,8.19,,All reporting States,
Increase the proportion of people with diabetes who get formal diabetes education - D-06,D-06,Race/Ethnicity,2018,2 or more races,45,32.8,57.9,6.541,,All reporting States,
Increase the proportion of people with diabetes who get formal diabetes education - D-06,D-06,Race/Ethnicity,2019,2 or more races,49.8,39.4,60.3,5.416,,All reporting States,
Increase the proportion of people with diabetes who get formal diabetes education - D-06,D-06,Race/Ethnicity,2017,Hispanic or Latino,45.4,39,52,3.333,,All reporting States,
Increase the proportion of people with diabetes who get formal diabetes education - D-06,D-06,Race/Ethnicity,2018,Hispanic or Latino,41.2,33.7,49.2,3.997,,All reporting States,
Increase the proportion of people with diabetes who get formal diabetes education - D-06,D-06,Race/Ethnicity,2019,Hispanic or Latino,48.2,42,54.5,3.207,,All reporting States,
Increase the proportion of people with diabetes who get formal diabetes education - D-06,D-06,Race/Ethnicity,2017,Not Hispanic or Latino,53.2,50.7,55.7,1.287,,All reporting States,
Increase the proportion of people with diabetes who get formal diabetes education - D-06,D-06,Race/Ethnicity,2018,Not Hispanic or Latino,53.8,50.8,56.7,1.504,,All reporting States,
Increase the proportion of people with diabetes who get formal diabetes education - D-06,D-06,Race/Ethnicity,2019,Not Hispanic or Latino,57.3,54.7,59.9,1.323,,All reporting States,
Increase the proportion of people with diabetes who get formal diabetes education - D-06,D-06,Race/Ethnicity,2017,"American Indian or Alaska Native only, not Hispanic or Latino",60.5,50.9,69.4,4.757,Not Hispanic or Latino,All reporting States,
Increase the proportion of people with diabetes who get formal diabetes education - D-06,D-06,Race/Ethnicity,2018,"American Indian or Alaska Native only, not Hispanic or Latino",65.2,48.8,78.7,7.819,Not Hispanic or Latino,All reporting States,
Increase the proportion of people with diabetes who get formal diabetes education - D-06,D-06,Race/Ethnicity,2019,"American Indian or Alaska Native only, not Hispanic or Latino",58.1,48.6,67.1,4.799,Not Hispanic or Latino,All reporting States,
Increase the proportion of people with diabetes who get formal diabetes education - D-06,D-06,Race/Ethnicity,2017,"Asian only, not Hispanic or Latino",42.4,30.6,55.2,6.408,Not Hispanic or Latino,All reporting States,
Increase the proportion of people with diabetes who get formal diabetes education - D-06,D-06,Race/Ethnicity,2018,"Asian only, not Hispanic or Latino",48.1,30.9,65.7,9.254,Not Hispanic or Latino,All reporting States,
Increase the proportion of people with diabetes who get formal diabetes education - D-06,D-06,Race/Ethnicity,2019,"Asian only, not Hispanic or Latino",52.6,33.8,70.6,9.85,Not Hispanic or Latino,All reporting States,
Increase the proportion of people with diabetes who get formal diabetes education - D-06,D-06,Race/Ethnicity,2017,"Native Hawaiian or Other Pacific Islander only, not Hispanic or Latino",51.2,30.7,71.3,10.986,Not Hispanic or Latino,All reporting States,
Increase the proportion of people with diabetes who get formal diabetes education - D-06,D-06,Race/Ethnicity,2018,"Native Hawaiian or Other Pacific Islander only, not Hispanic or Latino",DSU,,,,Not Hispanic or Latino,All reporting States,
Increase the proportion of people with diabetes who get formal diabetes education - D-06,D-06,Race/Ethnicity,2019,"Native Hawaiian or Other Pacific Islander only, not Hispanic or Latino",DSU,,,,Not Hispanic or Latino,All reporting States,
Increase the proportion of people with diabetes who get formal diabetes education - D-06,D-06,Race/Ethnicity,2017,"Black or African American only, not Hispanic or Latino",52.8,47.8,57.8,2.565,Not Hispanic or Latino,All reporting States,
Increase the proportion of people with diabetes who get formal diabetes education - D-06,D-06,Race/Ethnicity,2018,"Black or African American only, not Hispanic or Latino",55.8,49.8,61.6,3.027,Not Hispanic or Latino,All reporting States,
Increase the proportion of people with diabetes who get formal diabetes education - D-06,D-06,Race/Ethnicity,2019,"Black or African American only, not Hispanic or Latino",54.8,49.4,60,2.717,Not Hispanic or Latino,All reporting States,
Increase the proportion of people with diabetes who get formal diabetes education - D-06,D-06,Race/Ethnicity,2017,"White only, not Hispanic or Latino",54.8,52.2,57.3,1.3,Not Hispanic or Latino,All reporting States,
Increase the proportion of people with diabetes who get formal diabetes education - D-06,D-06,Race/Ethnicity,2018,"White only, not Hispanic or Latino",53,49.4,56.6,1.829,Not Hispanic or Latino,All reporting States,
Increase the proportion of people with diabetes who get formal diabetes education - D-06,D-06,Race/Ethnicity,2019,"White only, not Hispanic or Latino",58.9,56.1,61.6,1.408,Not Hispanic or Latino,All reporting States,
Increase the proportion of people with diabetes who get formal diabetes education - D-06,D-06,Race/Ethnicity,2017,"2 or more races, not Hispanic or Latino",61.8,43.3,77.4,9.04,Not Hispanic or Latino,All reporting States,
Increase the proportion of people with diabetes who get formal diabetes education - D-06,D-06,Race/Ethnicity,2018,"2 or more races, not Hispanic or Latino",42.8,30.5,56,6.639,Not Hispanic or Latino,All reporting States,
Increase the proportion of people with diabetes who get formal diabetes education - D-06,D-06,Race/Ethnicity,2019,"2 or more races, not Hispanic or Latino",50.7,39.1,62.1,5.975,Not Hispanic or Latino,All reporting States,
Increase the proportion of people with diabetes who get formal diabetes education - D-06,D-06,Age group† §,2017,18-44 years,50.8,46.2,55.3,2.306,,All reporting States,
Increase the proportion of people with diabetes who get formal diabetes education - D-06,D-06,Age group† §,2018,18-44 years,51.3,46.2,56.3,2.596,,All reporting States,
Increase the proportion of people with diabetes who get formal diabetes education - D-06,D-06,Age group† §,2019,18-44 years,55.7,51.1,60.2,2.317,,All reporting States,
Increase the proportion of people with diabetes who get formal diabetes education - D-06,D-06,Age group† §,2017,18-24 years,51.8,39.6,63.7,6.262,18-44 years,All reporting States,
Increase the proportion of people with diabetes who get formal diabetes education - D-06,D-06,Age group† §,2018,18-24 years,55.8,37.4,72.8,9.441,18-44 years,All reporting States,
Increase the proportion of people with diabetes who get formal diabetes education - D-06,D-06,Age group† §,2019,18-24 years,57,42.7,70.2,7.19,18-44 years,All reporting States,
Increase the proportion of people with diabetes who get formal diabetes education - D-06,D-06,Age group† §,2017,25-44 years,50.6,45.8,55.5,2.466,18-44 years,All reporting States,
Increase the proportion of people with diabetes who get formal diabetes education - D-06,D-06,Age group† §,2018,25-44 years,50.9,45.6,56.1,2.689,18-44 years,All reporting States,
Increase the proportion of people with diabetes who get formal diabetes education - D-06,D-06,Age group† §,2019,25-44 years,55.6,50.7,60.3,2.448,18-44 years,All reporting States,
Increase the proportion of people with diabetes who get formal diabetes education - D-06,D-06,Age group† §,2017,45-64 years,53.3,51.3,55.3,1.015,,All reporting States,
Increase the proportion of people with diabetes who get formal diabetes education - D-06,D-06,Age group† §,2018,45-64 years,52.9,50,55.8,1.492,,All reporting States,
Increase the proportion of people with diabetes who get formal diabetes education - D-06,D-06,Age group† §,2019,45-64 years,54.7,52.4,57,1.163,,All reporting States,
Increase the proportion of people with diabetes who get formal diabetes education - D-06,D-06,Age group† §,2017,45-54 years,54.1,50.8,57.5,1.706,45-64 years,All reporting States,
Increase the proportion of people with diabetes who get formal diabetes education - D-06,D-06,Age group† §,2018,45-54 years,49,43.6,54.5,2.803,45-64 years,All reporting States,
Increase the proportion of people with diabetes who get formal diabetes education - D-06,D-06,Age group† §,2019,45-54 years,56.1,52.2,60,1.99,45-64 years,All reporting States,
Increase the proportion of people with diabetes who get formal diabetes education - D-06,D-06,Age group† §,2017,55-64 years,52.8,50.3,55.2,1.253,45-64 years,All reporting States,
Increase the proportion of people with diabetes who get formal diabetes education - D-06,D-06,Age group† §,2018,55-64 years,55.3,52.2,58.4,1.578,45-64 years,All reporting States,
Increase the proportion of people with diabetes who get formal diabetes education - D-06,D-06,Age group† §,2019,55-64 years,53.8,51,56.5,1.406,45-64 years,All reporting States,
Increase the proportion of people with diabetes who get formal diabetes education - D-06,D-06,Age group† §,2017,65 years and over,51.8,49.8,53.8,1.022,,All reporting States,
Increase the proportion of people with diabetes who get formal diabetes education - D-06,D-06,Age group† §,2018,65 years and over,50.2,48,52.4,1.117,,All reporting States,
Increase the proportion of people with diabetes who get formal diabetes education - D-06,D-06,Age group† §,2019,65 years and over,54.2,52,56.4,1.128,,All reporting States,
Increase the proportion of people with diabetes who get formal diabetes education - D-06,D-06,Age group† §,2017,65-74 years,57.2,54.8,59.5,1.201,65 years and over,All reporting States,
Increase the proportion of people with diabetes who get formal diabetes education - D-06,D-06,Age group† §,2018,65-74 years,50.9,48,53.8,1.473,65 years and over,All reporting States,
Increase the proportion of people with diabetes who get formal diabetes education - D-06,D-06,Age group† §,2019,65-74 years,57.3,54.3,60.2,1.511,65 years and over,All reporting States,
Increase the proportion of people with diabetes who get formal diabetes education - D-06,D-06,Age group† §,2017,75 years and over,44,40.8,47.3,1.656,65 years and over,All reporting States,
Increase the proportion of people with diabetes who get formal diabetes education - D-06,D-06,Age group† §,2018,75 years and over,49,45.7,52.3,1.693,65 years and over,All reporting States,
Increase the proportion of people with diabetes who get formal diabetes education - D-06,D-06,Age group† §,2019,75 years and over,49.4,46.1,52.7,1.698,65 years and over,All reporting States,
Increase the proportion of people with diabetes who get formal diabetes education - D-06,D-06,Educational attainment,2017,Less than High school,36.2,30.9,41.9,2.82,,All reporting States,
Increase the proportion of people with diabetes who get formal diabetes education - D-06,D-06,Educational attainment,2018,Less than High school,38.4,31.1,46.2,3.865,,All reporting States,
Increase the proportion of people with diabetes who get formal diabetes education - D-06,D-06,Educational attainment,2019,Less than High school,39.9,34.1,45.9,3.026,,All reporting States,
Increase the proportion of people with diabetes who get formal diabetes education - D-06,D-06,Educational attainment,2017,High school,51.2,47.8,54.6,1.742,,All reporting States,
Increase the proportion of people with diabetes who get formal diabetes education - D-06,D-06,Educational attainment,2018,High school,50.4,46.1,54.7,2.211,,All reporting States,
Increase the proportion of people with diabetes who get formal diabetes education - D-06,D-06,Educational attainment,2019,High school,51.4,47.4,55.4,2.055,,All reporting States,
Increase the proportion of people with diabetes who get formal diabetes education - D-06,D-06,Educational attainment,2017,Some college or Associate degree,62.1,58.4,65.7,1.865,,All reporting States,
Increase the proportion of people with diabetes who get formal diabetes education - D-06,D-06,Educational attainment,2018,Some college or Associate degree,57.4,52.9,61.7,2.257,,All reporting States,
Increase the proportion of people with diabetes who get formal diabetes education - D-06,D-06,Educational attainment,2019,Some college or Associate degree,62.7,58.6,66.6,2.058,,All reporting States,
Increase the proportion of people with diabetes who get formal diabetes education - D-06,D-06,Educational attainment,2017,4-year college degree or more,54.5,49.3,59.7,2.659,,All reporting States,
Increase the proportion of people with diabetes who get formal diabetes education - D-06,D-06,Educational attainment,2018,4-year college degree or more,60.6,55.9,65.1,2.35,,All reporting States,
Increase the proportion of people with diabetes who get formal diabetes education - D-06,D-06,Educational attainment,2019,4-year college degree or more,63.9,58.9,68.7,2.5,,All reporting States,
Increase the proportion of people with diabetes who get formal diabetes education - D-06,D-06,Family income,2017,less than 100,46.9,34.8,59.4,6.411,,All reporting States,
Increase the proportion of people with diabetes who get formal diabetes education - D-06,D-06,Family income,2018,less than 100,46.9,35.2,58.9,6.14,,All reporting States,
Increase the proportion of people with diabetes who get formal diabetes education - D-06,D-06,Family income,2019,less than 100,35.1,24.8,47,5.74,,All reporting States,
Increase the proportion of people with diabetes who get formal diabetes education - D-06,D-06,Family income,2017,100-199,46.6,36.7,56.8,5.208,,All reporting States,
Increase the proportion of people with diabetes who get formal diabetes education - D-06,D-06,Family income,2018,100-199,46.8,31.4,62.9,8.297,,All reporting States,
Increase the proportion of people with diabetes who get formal diabetes education - D-06,D-06,Family income,2019,100-199,52.4,33.8,70.3,9.778,,All reporting States,
Increase the proportion of people with diabetes who get formal diabetes education - D-06,D-06,Family income,2017,200-399,50.2,40.6,59.7,4.922,,All reporting States,
Increase the proportion of people with diabetes who get formal diabetes education - D-06,D-06,Family income,2018,200-399,49.4,37.4,61.4,6.267,,All reporting States,
Increase the proportion of people with diabetes who get formal diabetes education - D-06,D-06,Family income,2019,200-399,70.9,58.7,80.7,5.654,,All reporting States,
Increase the proportion of people with diabetes who get formal diabetes education - D-06,D-06,Family income,2017,400 plus,59.7,54.4,64.8,2.676,,All reporting States,
Increase the proportion of people with diabetes who get formal diabetes education - D-06,D-06,Family income,2018,400 plus,60.9,55.3,66.2,2.786,,All reporting States,
Increase the proportion of people with diabetes who get formal diabetes education - D-06,D-06,Family income,2019,400 plus,60.8,54.8,66.6,3.013,,All reporting States,
Increase the proportion of people with diabetes who get formal diabetes education - D-06,D-06,Health insurance status,2017,Insured,51.1,44.9,57.2,3.132,,All reporting States,
Increase the proportion of people with diabetes who get formal diabetes education - D-06,D-06,Health insurance status,2018,Insured,45.8,38.2,53.5,3.94,,All reporting States,
Increase the proportion of people with diabetes who get formal diabetes education - D-06,D-06,Health insurance status,2019,Insured,56.2,48,64.1,4.142,,All reporting States,
Increase the proportion of people with diabetes who get formal diabetes education - D-06,D-06,Health insurance status,2017,Uninsured,56.3,50.2,62.2,3.084,,All reporting States,
Increase the proportion of people with diabetes who get formal diabetes education - D-06,D-06,Health insurance status,2018,Uninsured,56.8,44.4,68.5,6.272,,All reporting States,
Increase the proportion of people with diabetes who get formal diabetes education - D-06,D-06,Health insurance status,2019,Uninsured,45.1,33.8,57,6.032,,All reporting States,
Increase the proportion of people with diabetes who get formal diabetes education - D-06,D-06,Geographic location,2017,Metropolitan,53.3,50,56.7,1.714,,All reporting States,
Increase the proportion of people with diabetes who get formal diabetes education - D-06,D-06,Geographic location,2018,Metropolitan,55.3,51.6,59,1.899,,All reporting States,
Increase the proportion of people with diabetes who get formal diabetes education - D-06,D-06,Geographic location,2019,Metropolitan,58.9,55.7,62.1,1.638,,All reporting States,
Increase the proportion of people with diabetes who get formal diabetes education - D-06,D-06,Geographic location,2017,Non-metropolitan,40.4,34.4,46.7,3.16,,All reporting States,
Increase the proportion of people with diabetes who get formal diabetes education - D-06,D-06,Geographic location,2018,Non-metropolitan,38.6,31.5,46.2,3.774,,All reporting States,
Increase the proportion of people with diabetes who get formal diabetes education - D-06,D-06,Geographic location,2019,Non-metropolitan,40.7,33.5,48.3,3.815,,All reporting States,
Increase the proportion of people with diabetes who get formal diabetes education - D-06,D-06,Marital status,2017,Married/Cohabiting partner,53.9,49.8,58,2.093,,All reporting States,
Increase the proportion of people with diabetes who get formal diabetes education - D-06,D-06,Marital status,2018,Married/Cohabiting partner,55.5,51.5,59.4,2.008,,All reporting States,
Increase the proportion of people with diabetes who get formal diabetes education - D-06,D-06,Marital status,2019,Married/Cohabiting partner,56.1,52.5,59.6,1.812,,All reporting States,
Increase the proportion of people with diabetes who get formal diabetes education - D-06,D-06,Marital status,2017,"Divorced, separated, widowed",46.3,42.1,50.6,2.168,,All reporting States,
Increase the proportion of people with diabetes who get formal diabetes education - D-06,D-06,Marital status,2018,"Divorced, separated, widowed",45.9,39.7,52.4,3.252,,All reporting States,
Increase the proportion of people with diabetes who get formal diabetes education - D-06,D-06,Marital status,2019,"Divorced, separated, widowed",56,49.6,62.1,3.217,,All reporting States,
Increase the proportion of people with diabetes who get formal diabetes education - D-06,D-06,Marital status,2017,Never married,50.8,46.9,54.7,1.984,,All reporting States,
Increase the proportion of people with diabetes who get formal diabetes education - D-06,D-06,Marital status,2018,Never married,50.4,45.1,55.8,2.731,,All reporting States,
Increase the proportion of people with diabetes who get formal diabetes education - D-06,D-06,Marital status,2019,Never married,51.6,46.9,56.2,2.382,,All reporting States,
Increase the proportion of people with diabetes who get formal diabetes education - D-06,D-06,Country of birth,2017,Country of birth,DNC,,,,,All reporting States,
Increase the proportion of people with diabetes who get formal diabetes education - D-06,D-06,Country of birth,2018,Country of birth,DNC,,,,,All reporting States,
Increase the proportion of people with diabetes who get formal diabetes education - D-06,D-06,Country of birth,2019,Country of birth,DNC,,,,,All reporting States,
Increase the proportion of people with diabetes who get formal diabetes education - D-06,D-06,Veteran status,2017,Veteran,61.9,54.9,68.6,3.515,,All reporting States,
Increase the proportion of people with diabetes who get formal diabetes education - D-06,D-06,Veteran status,2018,Veteran,65.8,57.7,73,3.935,,All reporting States,
Increase the proportion of people with diabetes who get formal diabetes education - D-06,D-06,Veteran status,2019,Veteran,72.8,66.5,78.3,3.016,,All reporting States,
Increase the proportion of people with diabetes who get formal diabetes education - D-06,D-06,Veteran status,2017,Non-veteran,51,48.4,53.5,1.297,,All reporting States,
Increase the proportion of people with diabetes who get formal diabetes education - D-06,D-06,Veteran status,2018,Non-veteran,50.6,47.7,53.6,1.504,,All reporting States,
Increase the proportion of people with diabetes who get formal diabetes education - D-06,D-06,Veteran status,2019,Non-veteran,53.7,51.1,56.3,1.331,,All reporting States,
Increase the proportion of people with diabetes who get formal diabetes education - D-06,D-06,Disability status,2017,Disability status,DNC,,,,,All reporting States,
Increase the proportion of people with diabetes who get formal diabetes education - D-06,D-06,Disability status,2018,Disability status,DNC,,,,,All reporting States,
Increase the proportion of people with diabetes who get formal diabetes education - D-06,D-06,Disability status,2019,Disability status,DNC,,,,,All reporting States,
Increase the proportion of people with diabetes who get formal diabetes education - D-06,D-06,Sexual orientation,2017,Sexual orientation,DNA,,,,,All reporting States,
Increase the proportion of people with diabetes who get formal diabetes education - D-06,D-06,Sexual orientation,2018,Sexual orientation,DNA,,,,,All reporting States,
Increase the proportion of people with diabetes who get formal diabetes education - D-06,D-06,Sexual orientation,2019,Sexual orientation,DNA,,,,,All reporting States,
Increase the proportion of people with diabetes who get formal diabetes education - D-06,D-06,Gender identity,2017,Gender identity,DNA,,,,,All reporting States,
Increase the proportion of people with diabetes who get formal diabetes education - D-06,D-06,Gender identity,2018,Gender identity,DNA,,,,,All reporting States,
Increase the proportion of people with diabetes who get formal diabetes education - D-06,D-06,Gender identity,2019,Gender identity,DNA,,,,,All reporting States,
Increase the proportion of people with diabetes who get formal diabetes education - D-06,D-06,Obesity status,2017,Obese,52.5,49.4,55.5,1.558,,All reporting States,
Increase the proportion of people with diabetes who get formal diabetes education - D-06,D-06,Obesity status,2018,Obese,49.8,46.2,53.4,1.831,,All reporting States,
Increase the proportion of people with diabetes who get formal diabetes education - D-06,D-06,Obesity status,2019,Obese,56,52.8,59.2,1.643,,All reporting States,
Increase the proportion of people with diabetes who get formal diabetes education - D-06,D-06,Obesity status,2017,Not obese,53,48.3,57.6,2.379,,All reporting States,
Increase the proportion of people with diabetes who get formal diabetes education - D-06,D-06,Obesity status,2018,Not obese,54.8,49.6,59.9,2.641,,All reporting States,
Increase the proportion of people with diabetes who get formal diabetes education - D-06,D-06,Obesity status,2019,Not obese,56.4,51.8,60.8,2.309,,All reporting States,
