Edition,State Name,Rank,Value,Score,Lower CI,Upper CI,Source
2017,Alabama,44,29.4,1.5,30.9,28,"CDC, Behavioral Risk Factor Surveillance System"
2017,Alaska,7,19.1,-0.95,21.7,16.4,"CDC, Behavioral Risk Factor Surveillance System"
2017,Arizona,23,23.1,0,24.5,21.7,"CDC, Behavioral Risk Factor Surveillance System"
2017,Arkansas,50,32.5,2,34.8,30.2,"CDC, Behavioral Risk Factor Surveillance System"
2017,California,15,20.5,-0.62,21.4,19.5,"CDC, Behavioral Risk Factor Surveillance System"
2017,Colorado,2,15.8,-1.74,16.6,15,"CDC, Behavioral Risk Factor Surveillance System"
2017,Connecticut,18,21.3,-0.43,22.4,20.2,"CDC, Behavioral Risk Factor Surveillance System"
2017,Delaware,37,26.6,0.83,28.5,24.8,"CDC, Behavioral Risk Factor Surveillance System"
2017,Florida,46,29.8,1.59,30.8,28.8,"CDC, Behavioral Risk Factor Surveillance System"
2017,Georgia,44,29.4,1.5,31.1,27.8,"CDC, Behavioral Risk Factor Surveillance System"
2017,Hawaii,17,20.8,-0.55,22.1,19.5,"CDC, Behavioral Risk Factor Surveillance System"
2017,Idaho,13,20.2,-0.69,21.8,18.7,"CDC, Behavioral Risk Factor Surveillance System"
2017,Illinois,29,23.9,0.19,25.4,22.4,"CDC, Behavioral Risk Factor Surveillance System"
2017,Indiana,38,26.8,0.88,28,25.6,"CDC, Behavioral Risk Factor Surveillance System"
2017,Iowa,21,22.7,-0.1,23.9,21.4,"CDC, Behavioral Risk Factor Surveillance System"
2017,Kansas,28,23.5,0.1,24.5,22.5,"CDC, Behavioral Risk Factor Surveillance System"
2017,Kentucky,46,29.8,1.59,31.2,28.4,"CDC, Behavioral Risk Factor Surveillance System"
2017,Louisiana,43,29.1,1.43,31.1,27.1,"CDC, Behavioral Risk Factor Surveillance System"
2017,Maine,16,20.6,-0.59,21.8,19.4,"CDC, Behavioral Risk Factor Surveillance System"
2017,Maryland,23,23.1,0,24.1,22.2,"CDC, Behavioral Risk Factor Surveillance System"
2017,Massachusetts,11,20,-0.74,21.2,18.7,"CDC, Behavioral Risk Factor Surveillance System"
2017,Michigan,29,23.9,0.19,24.9,22.9,"CDC, Behavioral Risk Factor Surveillance System"
2017,Minnesota,5,18,-1.21,18.7,17.3,"CDC, Behavioral Risk Factor Surveillance System"
2017,Mississippi,49,30.3,1.71,32,28.6,"CDC, Behavioral Risk Factor Surveillance System"
2017,Missouri,33,24.9,0.43,26.4,23.4,"CDC, Behavioral Risk Factor Surveillance System"
2017,Montana,10,19.9,-0.76,21.3,18.5,"CDC, Behavioral Risk Factor Surveillance System"
2017,Nebraska,20,22.4,-0.17,23.5,21.4,"CDC, Behavioral Risk Factor Surveillance System"
2017,Nevada,32,24.7,0.38,26.6,22.8,"CDC, Behavioral Risk Factor Surveillance System"
2017,New Hampshire,8,19.3,-0.9,20.7,18,"CDC, Behavioral Risk Factor Surveillance System"
2017,New Jersey,46,29.8,1.59,31.4,28.1,"CDC, Behavioral Risk Factor Surveillance System"
2017,New Mexico,14,20.3,-0.67,21.7,18.8,"CDC, Behavioral Risk Factor Surveillance System"
2017,New York,36,26.3,0.76,27.3,25.3,"CDC, Behavioral Risk Factor Surveillance System"
2017,North Carolina,26,23.3,0.05,24.5,22,"CDC, Behavioral Risk Factor Surveillance System"
2017,North Dakota,19,22.2,-0.21,23.6,20.8,"CDC, Behavioral Risk Factor Surveillance System"
2017,Ohio,35,25.9,0.67,27.1,24.7,"CDC, Behavioral Risk Factor Surveillance System"
2017,Oklahoma,41,28.5,1.28,29.9,27,"CDC, Behavioral Risk Factor Surveillance System"
2017,Oregon,3,17.2,-1.4,18.5,16,"CDC, Behavioral Risk Factor Surveillance System"
2017,Pennsylvania,22,22.9,-0.05,24.2,21.6,"CDC, Behavioral Risk Factor Surveillance System"
2017,Rhode Island,31,24.4,0.31,26,22.7,"CDC, Behavioral Risk Factor Surveillance System"
2017,South Carolina,39,26.9,0.9,28,25.7,"CDC, Behavioral Risk Factor Surveillance System"
2017,South Dakota,6,18.9,-1,20.7,17.2,"CDC, Behavioral Risk Factor Surveillance System"
2017,Tennessee,40,28.4,1.26,30.1,26.8,"CDC, Behavioral Risk Factor Surveillance System"
2017,Texas,34,25.2,0.5,26.7,23.7,"CDC, Behavioral Risk Factor Surveillance System"
2017,Utah,1,15.7,-1.76,16.6,14.7,"CDC, Behavioral Risk Factor Surveillance System"
2017,Vermont,9,19.5,-0.86,20.8,18.2,"CDC, Behavioral Risk Factor Surveillance System"
2017,Virginia,26,23.3,0.05,24.5,22.2,"CDC, Behavioral Risk Factor Surveillance System"
2017,Washington,4,17.6,-1.31,18.5,16.8,"CDC, Behavioral Risk Factor Surveillance System"
2017,West Virginia,41,28.5,1.28,29.8,27.3,"CDC, Behavioral Risk Factor Surveillance System"
2017,Wisconsin,11,20,-0.74,21.4,18.5,"CDC, Behavioral Risk Factor Surveillance System"
2017,Wyoming,23,23.1,0,25,21.3,"CDC, Behavioral Risk Factor Surveillance System"
