Edition,State Name,Rank,Value,Score,Lower CI,Upper CI,Source
2020,Alabama,46,31.5,1.23,33,30,AHR data
2020,Alaska,7,21.7,-1.13,24.2,19.1,AHR data
2020,Arizona,15,24.1,-0.55,25.7,22.5,AHR data
2020,Arkansas,44,31.2,1.15,33,29.4,AHR data
2020,California,9,22.4,-0.96,23.4,21.4,AHR data
2020,Colorado,2,18.7,-1.85,19.7,17.7,AHR data
2020,Connecticut,12,23.5,-0.7,24.8,22.2,AHR data
2020,Delaware,29,26.6,0.05,28.6,24.6,AHR data
2020,Florida,26,26.5,0.02,28,25,AHR data
2020,Georgia,34,27.9,0.36,29.5,26.2,AHR data
2020,Hawaii,16,24.4,-0.48,25.7,23,AHR data
2020,Idaho,13,23.8,-0.63,25.5,22,AHR data
2020,Illinois,21,25.6,-0.19,27,24.2,AHR data
2020,Indiana,43,30.9,1.08,32.2,29.7,AHR data
2020,Iowa,26,26.5,0.02,27.5,25.4,AHR data
2020,Kansas,31,27.1,0.17,28.2,26.1,AHR data
2020,Kentucky,48,32.8,1.54,34.5,31.1,AHR data
2020,Louisiana,47,31.9,1.32,33.6,30.1,AHR data
2020,Maine,40,30.1,0.89,31.5,28.7,AHR data
2020,Maryland,11,23.4,-0.72,24.4,22.3,AHR data
2020,Massachusetts,25,26.4,0,27.7,25.1,AHR data
2020,Michigan,19,25.4,-0.24,26.6,24.3,AHR data
2020,Minnesota,5,19.9,-1.56,20.7,19.1,AHR data
2020,Mississippi,50,37.7,2,39.5,36,AHR data
2020,Missouri,42,30.6,1.01,32.1,29.1,AHR data
2020,Montana,4,19.7,-1.61,20.8,18.5,AHR data
2020,Nebraska,30,26.9,0.12,27.9,25.9,AHR data
2020,Nevada,23,25.8,-0.14,28.2,23.4,AHR data
2020,New Hampshire,7,21.7,-1.13,23.3,20.2,AHR data
2020,New Jersey,37,28.5,0.51,31.2,25.9,AHR data
2020,New Mexico,19,25.4,-0.24,27,23.8,AHR data
2020,New York,32,27.2,0.19,28.4,26.1,AHR data
2020,North Carolina,24,26.3,-0.02,27.9,24.7,AHR data
2020,North Dakota,35,28,0.38,29.8,26.3,AHR data
2020,Ohio,36,28.3,0.46,29.5,27,AHR data
2020,Oklahoma,49,34,1.83,35.5,32.5,AHR data
2020,Oregon,14,23.9,-0.6,25.3,22.6,AHR data
2020,Pennsylvania,21,25.6,-0.19,26.9,24.2,AHR data
2020,Rhode Island,26,26.5,0.02,28.3,24.7,AHR data
2020,South Carolina,38,28.8,0.58,30.3,27.3,AHR data
2020,South Dakota,39,30,0.87,32.3,27.8,AHR data
2020,Tennessee,40,30.1,0.89,31.7,28.4,AHR data
2020,Texas,32,27.2,0.19,28.8,25.6,AHR data
2020,Utah,1,18.5,-1.9,19.4,17.6,AHR data
2020,Vermont,6,20,-1.54,21.5,18.5,AHR data
2020,Virginia,18,25.3,-0.26,26.5,24.1,AHR data
2020,Washington,3,19.2,-1.73,20.1,18.3,AHR data
2020,West Virginia,44,31.2,1.15,32.8,29.5,AHR data
2020,Wisconsin,10,23.2,-0.77,24.8,21.6,AHR data
2020,Wyoming,17,24.6,-0.43,26.4,22.8,AHR data
