Edition,State Name,Rank,Value,Score,Lower CI,Upper CI,Source
2018,Alabama,46,36.3,1.34,38,34.7,"CDC, Behavioral Risk Factor Surveillance System"
2018,Alaska,42,34.2,0.78,37.1,31.3,"CDC, Behavioral Risk Factor Surveillance System"
2018,Arizona,21,29.5,-0.48,30.4,28.5,"CDC, Behavioral Risk Factor Surveillance System"
2018,Arkansas,44,35,0.99,37.5,32.6,"CDC, Behavioral Risk Factor Surveillance System"
2018,California,3,25.1,-1.66,26.4,23.8,"CDC, Behavioral Risk Factor Surveillance System"
2018,Colorado,1,22.6,-2,23.7,21.6,"CDC, Behavioral Risk Factor Surveillance System"
2018,Connecticut,9,26.9,-1.18,28.1,25.6,"CDC, Behavioral Risk Factor Surveillance System"
2018,Delaware,28,31.8,0.13,33.9,29.7,"CDC, Behavioral Risk Factor Surveillance System"
2018,Florida,14,28.4,-0.78,29.9,26.9,"CDC, Behavioral Risk Factor Surveillance System"
2018,Georgia,26,31.6,0.08,33.2,30,"CDC, Behavioral Risk Factor Surveillance System"
2018,Hawaii,2,23.8,-2,25.2,22.4,"CDC, Behavioral Risk Factor Surveillance System"
2018,Idaho,19,29.3,-0.53,31.1,27.5,"CDC, Behavioral Risk Factor Surveillance System"
2018,Illinois,24,31.1,-0.05,32.7,29.5,"CDC, Behavioral Risk Factor Surveillance System"
2018,Indiana,39,33.6,0.62,34.7,32.5,"CDC, Behavioral Risk Factor Surveillance System"
2018,Iowa,47,36.4,1.36,37.7,35.1,"CDC, Behavioral Risk Factor Surveillance System"
2018,Kansas,32,32.3,0.27,33.2,31.5,"CDC, Behavioral Risk Factor Surveillance System"
2018,Kentucky,43,34.3,0.8,36,32.6,"CDC, Behavioral Risk Factor Surveillance System"
2018,Louisiana,45,36.2,1.31,38.1,34.4,"CDC, Behavioral Risk Factor Surveillance System"
2018,Maine,18,29.1,-0.59,30.6,27.7,"CDC, Behavioral Risk Factor Surveillance System"
2018,Maryland,25,31.3,0,32.6,30,"CDC, Behavioral Risk Factor Surveillance System"
2018,Massachusetts,7,25.8,-1.47,27.6,24.1,"CDC, Behavioral Risk Factor Surveillance System"
2018,Michigan,32,32.3,0.27,33.4,31.1,"CDC, Behavioral Risk Factor Surveillance System"
2018,Minnesota,14,28.4,-0.78,29.3,27.5,"CDC, Behavioral Risk Factor Surveillance System"
2018,Mississippi,49,37.3,1.6,39.3,35.2,"CDC, Behavioral Risk Factor Surveillance System"
2018,Missouri,34,32.5,0.32,34,30.9,"CDC, Behavioral Risk Factor Surveillance System"
2018,Montana,5,25.3,-1.6,26.8,23.7,"CDC, Behavioral Risk Factor Surveillance System"
2018,Nebraska,35,32.8,0.4,33.9,31.6,"CDC, Behavioral Risk Factor Surveillance System"
2018,Nevada,8,26.7,-1.23,28.9,24.4,"CDC, Behavioral Risk Factor Surveillance System"
2018,New Hampshire,13,28.1,-0.86,29.9,26.2,"CDC, Behavioral Risk Factor Surveillance System"
2018,New Jersey,10,27.2,-1.1,28.7,25.8,"CDC, Behavioral Risk Factor Surveillance System"
2018,New Mexico,14,28.4,-0.78,30,26.7,"CDC, Behavioral Risk Factor Surveillance System"
2018,New York,6,25.7,-1.5,26.9,24.6,"CDC, Behavioral Risk Factor Surveillance System"
2018,North Carolina,31,32.1,0.21,33.9,30.3,"CDC, Behavioral Risk Factor Surveillance System"
2018,North Dakota,38,33.1,0.48,34.7,31.6,"CDC, Behavioral Risk Factor Surveillance System"
2018,Ohio,40,33.8,0.67,35.1,32.5,"CDC, Behavioral Risk Factor Surveillance System"
2018,Oklahoma,48,36.5,1.39,38.1,34.9,"CDC, Behavioral Risk Factor Surveillance System"
2018,Oregon,20,29.4,-0.51,30.9,27.9,"CDC, Behavioral Risk Factor Surveillance System"
2018,Pennsylvania,26,31.6,0.08,33.1,30,"CDC, Behavioral Risk Factor Surveillance System"
2018,Rhode Island,22,30,-0.35,31.8,28.1,"CDC, Behavioral Risk Factor Surveillance System"
2018,South Carolina,41,34.1,0.75,35.4,32.8,"CDC, Behavioral Risk Factor Surveillance System"
2018,South Dakota,29,31.9,0.16,34,29.8,"CDC, Behavioral Risk Factor Surveillance System"
2018,Tennessee,35,32.8,0.4,34.6,31.1,"CDC, Behavioral Risk Factor Surveillance System"
2018,Texas,37,33,0.45,34.8,31.2,"CDC, Behavioral Risk Factor Surveillance System"
2018,Utah,4,25.2,-1.63,26.4,24.1,"CDC, Behavioral Risk Factor Surveillance System"
2018,Vermont,11,27.6,-0.99,29.2,26,"CDC, Behavioral Risk Factor Surveillance System"
2018,Virginia,22,30,-0.35,31.4,28.7,"CDC, Behavioral Risk Factor Surveillance System"
2018,Washington,12,27.7,-0.96,28.7,26.6,"CDC, Behavioral Risk Factor Surveillance System"
2018,West Virginia,50,38.1,1.82,39.7,36.4,"CDC, Behavioral Risk Factor Surveillance System"
2018,Wisconsin,30,32,0.19,33.8,30.3,"CDC, Behavioral Risk Factor Surveillance System"
2018,Wyoming,17,28.8,-0.67,30.5,27.1,"CDC, Behavioral Risk Factor Surveillance System"
