Edition,State Name,Rank,Value,Score,Lower CI,Upper CI,Source
2020,Alabama,44,36.1,1.07,37.7,34.6,AHR data
2020,Alaska,18,30.5,-0.36,33.3,27.7,AHR data
2020,Arizona,20,31.4,-0.13,33.1,29.6,AHR data
2020,Arkansas,48,37.4,1.4,39.4,35.4,AHR data
2020,California,5,26.1,-1.48,27.2,25.1,AHR data
2020,Colorado,1,23.8,-2,24.9,22.7,AHR data
2020,Connecticut,12,29.1,-0.71,30.5,27.7,AHR data
2020,Delaware,35,34.4,0.64,36.6,32.1,AHR data
2020,Florida,7,27,-1.25,28.5,25.6,AHR data
2020,Georgia,28,33.1,0.31,35,31.2,AHR data
2020,Hawaii,2,25,-1.76,26.3,23.7,AHR data
2020,Idaho,14,29.4,-0.64,31.4,27.5,AHR data
2020,Illinois,21,31.6,-0.08,33.1,30.1,AHR data
2020,Indiana,40,35.3,0.87,36.6,34,AHR data
2020,Iowa,30,33.9,0.51,35.1,32.8,AHR data
2020,Kansas,39,35.2,0.84,36.4,34.1,AHR data
2020,Kentucky,45,36.5,1.17,38.2,34.7,AHR data
2020,Louisiana,42,35.9,1.02,37.7,34.1,AHR data
2020,Maine,22,31.7,-0.05,33.1,30.2,AHR data
2020,Maryland,26,32.2,0.08,33.4,31.1,AHR data
2020,Massachusetts,3,25.2,-1.7,26.5,23.8,AHR data
2020,Michigan,43,36,1.04,37.2,34.7,AHR data
2020,Minnesota,17,30.1,-0.46,31,29.2,AHR data
2020,Mississippi,50,40.8,2,42.7,39,AHR data
2020,Missouri,36,34.8,0.74,36.4,33.2,AHR data
2020,Montana,9,28.3,-0.92,29.7,27,AHR data
2020,Nebraska,33,34.1,0.56,35.2,33,AHR data
2020,Nevada,19,30.6,-0.33,33,28.1,AHR data
2020,New Hampshire,24,31.8,-0.03,33.6,29.9,AHR data
2020,New Jersey,4,25.6,-1.6,28.1,23.2,AHR data
2020,New Mexico,22,31.7,-0.05,33.5,30,AHR data
2020,New York,8,27.1,-1.22,28.2,26,AHR data
2020,North Carolina,31,34,0.53,35.8,32.2,AHR data
2020,North Dakota,36,34.8,0.74,36.7,32.9,AHR data
2020,Ohio,36,34.8,0.74,36.1,33.5,AHR data
2020,Oklahoma,47,36.8,1.25,38.4,35.2,AHR data
2020,Oregon,11,29,-0.74,30.4,27.5,AHR data
2020,Pennsylvania,29,33.2,0.33,34.7,31.7,AHR data
2020,Rhode Island,16,30,-0.48,31.8,28.2,AHR data
2020,South Carolina,40,35.3,0.87,36.9,33.8,AHR data
2020,South Dakota,27,33,0.28,35.4,30.5,AHR data
2020,Tennessee,45,36.5,1.17,38.3,34.7,AHR data
2020,Texas,31,34,0.53,35.7,32.2,AHR data
2020,Utah,13,29.2,-0.69,30.3,28.2,AHR data
2020,Vermont,6,26.6,-1.35,28.3,24.9,AHR data
2020,Virginia,25,31.9,0,33.2,30.6,AHR data
2020,Washington,9,28.3,-0.92,29.4,27.3,AHR data
2020,West Virginia,49,39.7,1.98,41.5,37.9,AHR data
2020,Wisconsin,34,34.2,0.59,36.1,32.3,AHR data
2020,Wyoming,15,29.7,-0.56,31.6,27.7,AHR data
