Edition,State Name,Rank,Value,Score,Lower CI,Upper CI,Source,Cluster
2015,Alabama,47,12.9,1.78,13.8,12.1,"CDC, Behavioral Risk Factor Surveillance System",1
2015,Alaska,3,7.4,-1.59,8.4,6.4,"CDC, Behavioral Risk Factor Surveillance System",2
2015,Arizona,25,10,0,10.7,9.4,"CDC, Behavioral Risk Factor Surveillance System",3
2015,Arkansas,46,12.7,1.66,13.9,11.6,"CDC, Behavioral Risk Factor Surveillance System",1
2015,California,29,10.3,0.18,11.1,9.5,"CDC, Behavioral Risk Factor Surveillance System",3
2015,Colorado,2,7.3,-1.66,7.8,6.7,"CDC, Behavioral Risk Factor Surveillance System",2
2015,Connecticut,15,9.2,-0.49,10,8.4,"CDC, Behavioral Risk Factor Surveillance System",3
2015,Delaware,35,11.1,0.67,12.2,9.9,"CDC, Behavioral Risk Factor Surveillance System",1
2015,Florida,37,11.2,0.74,12,10.4,"CDC, Behavioral Risk Factor Surveillance System",1
2015,Georgia,41,11.6,0.98,12.5,10.6,"CDC, Behavioral Risk Factor Surveillance System",1
2015,Hawaii,24,9.8,-0.12,10.7,8.8,"CDC, Behavioral Risk Factor Surveillance System",3
2015,Idaho,4,7.6,-1.47,8.5,6.8,"CDC, Behavioral Risk Factor Surveillance System",2
2015,Illinois,27,10.1,0.06,11.1,9.1,"CDC, Behavioral Risk Factor Surveillance System",3
2015,Indiana,32,10.7,0.43,11.3,10,"CDC, Behavioral Risk Factor Surveillance System",3
2015,Iowa,18,9.5,-0.31,10.2,8.7,"CDC, Behavioral Risk Factor Surveillance System",3
2015,Kansas,29,10.3,0.18,10.9,9.8,"CDC, Behavioral Risk Factor Surveillance System",3
2015,Kentucky,45,12.5,1.53,13.4,11.6,"CDC, Behavioral Risk Factor Surveillance System",1
2015,Louisiana,39,11.3,0.8,12.1,10.4,"CDC, Behavioral Risk Factor Surveillance System",1
2015,Maine,18,9.5,-0.31,10.2,8.8,"CDC, Behavioral Risk Factor Surveillance System",3
2015,Maryland,27,10.1,0.06,10.9,9.3,"CDC, Behavioral Risk Factor Surveillance System",3
2015,Massachusetts,21,9.7,-0.18,10.4,9,"CDC, Behavioral Risk Factor Surveillance System",3
2015,Michigan,31,10.4,0.25,11.1,9.7,"CDC, Behavioral Risk Factor Surveillance System",3
2015,Minnesota,6,8.1,-1.17,8.6,7.7,"CDC, Behavioral Risk Factor Surveillance System",2
2015,Mississippi,48,13,1.84,14.2,11.7,"CDC, Behavioral Risk Factor Surveillance System",1
2015,Missouri,35,11.1,0.67,12.1,10.1,"CDC, Behavioral Risk Factor Surveillance System",1
2015,Montana,9,8.8,-0.74,9.6,7.9,"CDC, Behavioral Risk Factor Surveillance System",2
2015,Nebraska,15,9.2,-0.49,9.7,8.6,"CDC, Behavioral Risk Factor Surveillance System",3
2015,Nevada,20,9.6,-0.25,10.9,8.3,"CDC, Behavioral Risk Factor Surveillance System",3
2015,New Hampshire,13,9.1,-0.55,10.1,8.2,"CDC, Behavioral Risk Factor Surveillance System",3
2015,New Jersey,21,9.7,-0.18,10.4,9,"CDC, Behavioral Risk Factor Surveillance System",3
2015,New Mexico,40,11.5,0.92,12.5,10.6,"CDC, Behavioral Risk Factor Surveillance System",1
2015,New York,25,10,0,10.9,9.2,"CDC, Behavioral Risk Factor Surveillance System",3
2015,North Carolina,33,10.8,0.49,11.6,10,"CDC, Behavioral Risk Factor Surveillance System",3
2015,North Dakota,8,8.6,-0.86,9.5,7.8,"CDC, Behavioral Risk Factor Surveillance System",2
2015,Ohio,42,11.7,1.04,12.6,10.9,"CDC, Behavioral Risk Factor Surveillance System",1
2015,Oklahoma,43,12,1.23,12.7,11.2,"CDC, Behavioral Risk Factor Surveillance System",1
2015,Oregon,11,9,-0.61,9.8,8.1,"CDC, Behavioral Risk Factor Surveillance System",2
2015,Pennsylvania,37,11.2,0.74,11.9,10.5,"CDC, Behavioral Risk Factor Surveillance System",1
2015,Rhode Island,17,9.4,-0.37,10.3,8.6,"CDC, Behavioral Risk Factor Surveillance System",3
2015,South Carolina,43,12,1.23,12.7,11.3,"CDC, Behavioral Risk Factor Surveillance System",1
2015,South Dakota,13,9.1,-0.55,10.2,8,"CDC, Behavioral Risk Factor Surveillance System",3
2015,Tennessee,48,13,1.84,14.1,11.8,"CDC, Behavioral Risk Factor Surveillance System",1
2015,Texas,34,11,0.61,11.8,10.2,"CDC, Behavioral Risk Factor Surveillance System",1
2015,Utah,1,7.1,-1.78,7.6,6.7,"CDC, Behavioral Risk Factor Surveillance System",2
2015,Vermont,5,7.9,-1.29,8.6,7.1,"CDC, Behavioral Risk Factor Surveillance System",2
2015,Virginia,21,9.7,-0.18,10.4,9,"CDC, Behavioral Risk Factor Surveillance System",3
2015,Washington,10,8.9,-0.67,9.6,8.2,"CDC, Behavioral Risk Factor Surveillance System",2
2015,West Virginia,50,14.1,2,15.1,13.1,"CDC, Behavioral Risk Factor Surveillance System",1
2015,Wisconsin,11,9,-0.61,9.8,8.1,"CDC, Behavioral Risk Factor Surveillance System",2
2015,Wyoming,7,8.4,-0.98,9.4,7.4,"CDC, Behavioral Risk Factor Surveillance System",2
