﻿Edition,State Name,Rank,Value,Score,Lower CI,Upper CI,Source
2017,Alabama,49,14.6,2,15.7,13.6,"CDC, Behavioral Risk Factor Surveillance System"
2017,Alaska,3,7.5,-1.61,8.9,6,"CDC, Behavioral Risk Factor Surveillance System"
2017,Arizona,29,10.8,0.16,11.6,10,"CDC, Behavioral Risk Factor Surveillance System"
2017,Arkansas,47,13.5,1.61,14.9,12.1,"CDC, Behavioral Risk Factor Surveillance System"
2017,California,22,10.2,-0.16,10.9,9.4,"CDC, Behavioral Risk Factor Surveillance System"
2017,Colorado,1,6.6,-2,7.1,6.2,"CDC, Behavioral Risk Factor Surveillance System"
2017,Connecticut,19,9.8,-0.37,10.5,9.1,"CDC, Behavioral Risk Factor Surveillance System"
2017,Delaware,27,10.6,0.05,11.8,9.5,"CDC, Behavioral Risk Factor Surveillance System"
2017,Florida,40,11.8,0.7,12.4,11.1,"CDC, Behavioral Risk Factor Surveillance System"
2017,Georgia,42,12.1,0.86,13.1,11.1,"CDC, Behavioral Risk Factor Surveillance System"
2017,Hawaii,25,10.5,0,11.4,9.6,"CDC, Behavioral Risk Factor Surveillance System"
2017,Idaho,11,8.9,-0.86,9.9,8,"CDC, Behavioral Risk Factor Surveillance System"
2017,Illinois,23,10.4,-0.05,11.4,9.4,"CDC, Behavioral Risk Factor Surveillance System"
2017,Indiana,37,11.5,0.54,12.3,10.8,"CDC, Behavioral Risk Factor Surveillance System"
2017,Iowa,14,9.3,-0.64,10,8.6,"CDC, Behavioral Risk Factor Surveillance System"
2017,Kansas,16,9.4,-0.59,10,8.8,"CDC, Behavioral Risk Factor Surveillance System"
2017,Kentucky,46,13.1,1.39,14,12.2,"CDC, Behavioral Risk Factor Surveillance System"
2017,Louisiana,42,12.1,0.86,13.3,11,"CDC, Behavioral Risk Factor Surveillance System"
2017,Maine,27,10.6,0.05,11.4,9.7,"CDC, Behavioral Risk Factor Surveillance System"
2017,Maryland,29,10.8,0.16,11.4,10.1,"CDC, Behavioral Risk Factor Surveillance System"
2017,Massachusetts,14,9.3,-0.64,10.1,8.4,"CDC, Behavioral Risk Factor Surveillance System"
2017,Michigan,33,11.2,0.37,11.8,10.5,"CDC, Behavioral Risk Factor Surveillance System"
2017,Minnesota,7,8.4,-1.12,8.9,8,"CDC, Behavioral Risk Factor Surveillance System"
2017,Mississippi,48,13.6,1.66,14.7,12.4,"CDC, Behavioral Risk Factor Surveillance System"
2017,Missouri,37,11.5,0.54,12.5,10.5,"CDC, Behavioral Risk Factor Surveillance System"
2017,Montana,5,8.1,-1.28,9,7.3,"CDC, Behavioral Risk Factor Surveillance System"
2017,Nebraska,10,8.8,-0.91,9.4,8.2,"CDC, Behavioral Risk Factor Surveillance System"
2017,Nevada,31,11.1,0.32,12.3,9.8,"CDC, Behavioral Risk Factor Surveillance System"
2017,New Hampshire,12,9,-0.8,9.8,8.2,"CDC, Behavioral Risk Factor Surveillance System"
2017,New Jersey,13,9.2,-0.7,10.1,8.3,"CDC, Behavioral Risk Factor Surveillance System"
2017,New Mexico,39,11.6,0.59,12.7,10.5,"CDC, Behavioral Risk Factor Surveillance System"
2017,New York,25,10.5,0,11.1,9.8,"CDC, Behavioral Risk Factor Surveillance System"
2017,North Carolina,35,11.3,0.43,12.1,10.4,"CDC, Behavioral Risk Factor Surveillance System"
2017,North Dakota,9,8.6,-1.02,9.4,7.8,"CDC, Behavioral Risk Factor Surveillance System"
2017,Ohio,31,11.1,0.32,11.9,10.4,"CDC, Behavioral Risk Factor Surveillance System"
2017,Oklahoma,41,12,0.8,12.9,11.1,"CDC, Behavioral Risk Factor Surveillance System"
2017,Oregon,18,9.5,-0.54,10.4,8.6,"CDC, Behavioral Risk Factor Surveillance System"
2017,Pennsylvania,35,11.3,0.43,12.2,10.3,"CDC, Behavioral Risk Factor Surveillance System"
2017,Rhode Island,19,9.8,-0.37,10.8,8.8,"CDC, Behavioral Risk Factor Surveillance System"
2017,South Carolina,45,13,1.34,13.8,12.3,"CDC, Behavioral Risk Factor Surveillance System"
2017,South Dakota,4,7.9,-1.39,8.9,6.9,"CDC, Behavioral Risk Factor Surveillance System"
2017,Tennessee,44,12.7,1.18,13.7,11.7,"CDC, Behavioral Risk Factor Surveillance System"
2017,Texas,33,11.2,0.37,12.3,10.2,"CDC, Behavioral Risk Factor Surveillance System"
2017,Utah,2,7.2,-1.77,7.8,6.7,"CDC, Behavioral Risk Factor Surveillance System"
2017,Vermont,7,8.4,-1.12,9.2,7.6,"CDC, Behavioral Risk Factor Surveillance System"
2017,Virginia,23,10.4,-0.05,11.2,9.7,"CDC, Behavioral Risk Factor Surveillance System"
2017,Washington,16,9.4,-0.59,9.9,8.8,"CDC, Behavioral Risk Factor Surveillance System"
2017,West Virginia,50,15,2,15.9,14,"CDC, Behavioral Risk Factor Surveillance System"
2017,Wisconsin,19,9.8,-0.37,10.7,8.8,"CDC, Behavioral Risk Factor Surveillance System"
2017,Wyoming,6,8.3,-1.18,9.4,7.3,"CDC, Behavioral Risk Factor Surveillance System"
2017,District of Columbia,,7.7,,8.5,6.8,"CDC, Behavioral Risk Factor Surveillance System"
