﻿Edition,State Name,Rank,Value,Score,Lower CI,Upper CI,Source
2020,Alabama,48,14,1.63,14.9,13,AHR data
2020,Alaska,2,7.3,-1.78,8.5,6.1,AHR data
2020,Arizona,28,10.9,0.05,12,9.9,AHR data
2020,Arkansas,46,13.6,1.42,14.7,12.5,AHR data
2020,California,15,10.1,-0.36,10.8,9.4,AHR data
2020,Colorado,1,7,-1.93,7.6,6.4,AHR data
2020,Connecticut,14,9.6,-0.61,10.3,8.8,AHR data
2020,Delaware,43,12.8,1.02,14.2,11.4,AHR data
2020,Florida,34,11.7,0.46,12.6,10.8,AHR data
2020,Georgia,36,12,0.61,13,10.9,AHR data
2020,Hawaii,21,10.5,-0.15,11.3,9.6,AHR data
2020,Idaho,17,10.3,-0.25,11.4,9.2,AHR data
2020,Illinois,33,11.3,0.25,12.2,10.3,AHR data
2020,Indiana,41,12.4,0.81,13.2,11.7,AHR data
2020,Iowa,17,10.3,-0.25,10.9,9.6,AHR data
2020,Kansas,25,10.8,0,11.4,10.2,AHR data
2020,Kentucky,44,13.3,1.27,14.4,12.3,AHR data
2020,Louisiana,42,12.6,0.91,13.6,11.5,AHR data
2020,Maine,23,10.6,-0.1,11.4,9.8,AHR data
2020,Maryland,31,11,0.1,11.6,10.4,AHR data
2020,Massachusetts,6,8.4,-1.22,9.2,7.6,AHR data
2020,Michigan,32,11.1,0.15,11.8,10.4,AHR data
2020,Minnesota,10,8.8,-1.02,9.3,8.3,AHR data
2020,Mississippi,49,14.8,2,15.9,13.7,AHR data
2020,Missouri,17,10.3,-0.25,11.2,9.5,AHR data
2020,Montana,3,7.6,-1.63,8.3,6.9,AHR data
2020,Nebraska,16,10.2,-0.3,10.8,9.6,AHR data
2020,Nevada,28,10.9,0.05,12.6,9.2,AHR data
2020,New Hampshire,12,9.2,-0.81,10.1,8.3,AHR data
2020,New Jersey,25,10.8,0,12.4,9.1,AHR data
2020,New Mexico,40,12.3,0.76,13.3,11.2,AHR data
2020,New York,21,10.5,-0.15,11.2,9.8,AHR data
2020,North Carolina,35,11.8,0.51,12.9,10.8,AHR data
2020,North Dakota,11,8.9,-0.97,9.8,8,AHR data
2020,Ohio,36,12,0.61,12.7,11.2,AHR data
2020,Oklahoma,38,12.2,0.71,13.1,11.3,AHR data
2020,Oregon,7,8.6,-1.12,9.4,7.8,AHR data
2020,Pennsylvania,25,10.8,0,11.7,9.9,AHR data
2020,Rhode Island,20,10.4,-0.2,11.4,9.4,AHR data
2020,South Carolina,45,13.4,1.32,14.4,12.4,AHR data
2020,South Dakota,23,10.6,-0.1,12.1,9.1,AHR data
2020,Tennessee,47,13.8,1.52,14.8,12.7,AHR data
2020,Texas,38,12.2,0.71,13.3,11.1,AHR data
2020,Utah,5,8,-1.42,8.6,7.4,AHR data
2020,Vermont,8,8.7,-1.07,9.6,7.7,AHR data
2020,Virginia,28,10.9,0.05,11.7,10.2,AHR data
2020,Washington,13,9.4,-0.71,10,8.8,AHR data
2020,West Virginia,50,15.7,2,16.8,14.5,AHR data
2020,Wisconsin,8,8.7,-1.07,9.6,7.7,AHR data
2020,Wyoming,4,7.8,-1.52,8.8,6.9,AHR data
2020,District of Columbia,,8.7,,9.8,7.5,AHR data
